Submission id,Participant id,Status,Custom study tncs accepted at,Started at,Completed at,Reviewed at,Archived at,Time taken,Completion code,Total approvals,Fluent languages,Colourblindness,Age,Sex,Ethnicity simplified,Country of birth,Country of residence,Nationality,Language,Student status,Employment status
6807d679c6a1b72e71857d39,60ec03471451032a030cfec1,APPROVED,Not Applicable,2025-04-22T17:48:44.067000Z,2025-04-22T18:05:55.512000Z,2025-04-22T18:06:26.890000Z,2025-04-22T18:05:56.082493Z,1032.0,C12WTO0T,944,English,"No, I have no issues seeing colours",30,Female,White,United States,United States,United States,English,No,Full-Time
6807d6e7d4dbf3781aff17f9,65847ecf0896ca006d2c00b7,APPROVED,Not Applicable,2025-04-22T17:50:40.048000Z,2025-04-22T18:03:14.801000Z,2025-04-22T18:06:02.865000Z,2025-04-22T18:03:15.309144Z,755.0,C12WTO0T,2979,English,"No, I have no issues seeing colours",33,Female,Asian,United States,United States,United States,English,No,Full-Time
6807d6edc04ff6b88be040bb,67ec17b2eb6a8355a6ed4b59,APPROVED,Not Applicable,2025-04-22T17:50:43.414000Z,2025-04-22T18:22:58.369000Z,2025-04-22T18:24:05.788000Z,2025-04-22T18:24:00.036639Z,1935.0,C12WTO0T,120,English,"No, I have no issues seeing colours",61,Male,Black,United States,United States,United States,English,No,Full-Time
6807d70950ced5308c0eaef6,67f0e23cab152657a348d988,RETURNED,Not Applicable,2025-04-22T17:51:30.992000Z,,,2025-04-23T04:39:32.803940Z,,,25,CONSENT_REVOKED,CONSENT_REVOKED,CONSENT_REVOKED,CONSENT_REVOKED,CONSENT_REVOKED,CONSENT_REVOKED,CONSENT_REVOKED,CONSENT_REVOKED,CONSENT_REVOKED,CONSENT_REVOKED,CONSENT_REVOKED
6807d70a07bff45b26d68134,61078356fef40f3754d62f12,RETURNED,Not Applicable,2025-04-22T17:51:11.516000Z,,,2025-04-23T04:39:32.806546Z,,,696,CONSENT_REVOKED,CONSENT_REVOKED,CONSENT_REVOKED,CONSENT_REVOKED,CONSENT_REVOKED,CONSENT_REVOKED,CONSENT_REVOKED,CONSENT_REVOKED,CONSENT_REVOKED,CONSENT_REVOKED,CONSENT_REVOKED
6807d836882ad9a1d10b4864,67dd5c3633b160a7ec0f92fe,RETURNED,Not Applicable,2025-04-22T17:56:17.239000Z,,,2025-04-23T04:39:32.808057Z,,,251,CONSENT_REVOKED,CONSENT_REVOKED,CONSENT_REVOKED,CONSENT_REVOKED,CONSENT_REVOKED,CONSENT_REVOKED,CONSENT_REVOKED,CONSENT_REVOKED,CONSENT_REVOKED,CONSENT_REVOKED,CONSENT_REVOKED
6807d83869f2aba2a8da4ae1,674f81d8a83632cf7c484d74,APPROVED,Not Applicable,2025-04-22T17:56:18.332000Z,2025-04-22T18:20:33.522000Z,2025-04-22T18:21:03.194000Z,2025-04-22T18:20:34.733036Z,1456.0,C12WTO0T,579,English,"No, I have no issues seeing colours",47,Female,White,United States,United States,United States,English,No,Full-Time
6807d84288852e8478a30997,67ad193553c9041650416662,APPROVED,Not Applicable,2025-04-22T17:56:58.781000Z,2025-04-22T18:25:15.387000Z,2025-04-22T18:25:56.304000Z,2025-04-22T18:25:15.860187Z,1697.0,C12WTO0T,682,English,"No, I have no issues seeing colours",34,Female,White,United States,United States,United States,English,No,Full-Time
6807d846ff45e085b00a3082,62b7a7e776f241c59cf27ac9,APPROVED,Not Applicable,2025-04-22T17:56:29.073000Z,2025-04-22T18:05:38.519000Z,2025-04-22T18:06:45.967000Z,2025-04-22T18:05:39.013770Z,550.0,C12WTO0T,1008,English,"No, I have no issues seeing colours",30,Male,White,United States,United States,United States,English,No,Unemployed (and job seeking)
6807d84dbeaa38ae851901ec,67e47d34f5a37200bfd58c77,APPROVED,Not Applicable,2025-04-22T17:56:41.045000Z,2025-04-22T18:35:12.010000Z,2025-04-22T18:35:42.365000Z,2025-04-22T18:35:12.488752Z,2311.0,C12WTO0T,215,English,"No, I have no issues seeing colours",25,Female,Black,United States,United States,United States,English,Yes,Full-Time
6807d909afbf1996ac66dba1,63179fe6d8b52834c9c8f5f7,APPROVED,Not Applicable,2025-04-22T17:59:42.552000Z,2025-04-22T18:11:01.330000Z,2025-04-22T18:11:42.376000Z,2025-04-22T18:11:01.910672Z,679.0,C12WTO0T,2636,English,"No, I have no issues seeing colours",23,Male,White,United States,United States,United States,English,No,Full-Time
6807d93eda4c07ab30763d53,66293e47a3a86abb02cbefce,APPROVED,Not Applicable,2025-04-22T18:00:35.347000Z,2025-04-22T18:12:20.339000Z,2025-04-22T18:12:51.211000Z,2025-04-22T18:12:20.882946Z,705.0,C12WTO0T,177,English,"No, I have no issues seeing colours",53,Female,White,United States,United States,United States,English,No,Full-Time
6807d953cddd2cae2da7a98f,67e8bedcc2e4bb440dad3d65,RETURNED,Not Applicable,2025-04-22T18:00:57.302000Z,,,2025-04-23T04:39:32.811033Z,,,203,CONSENT_REVOKED,CONSENT_REVOKED,CONSENT_REVOKED,CONSENT_REVOKED,CONSENT_REVOKED,CONSENT_REVOKED,CONSENT_REVOKED,CONSENT_REVOKED,CONSENT_REVOKED,CONSENT_REVOKED,CONSENT_REVOKED
6807d95616055111279df904,5ea7514665002511e3b2da95,APPROVED,Not Applicable,2025-04-22T18:00:54.771000Z,2025-04-22T18:23:12.765000Z,2025-04-22T18:24:21.243000Z,2025-04-22T18:23:13.334471Z,1338.0,C12WTO0T,2743,English,"No, I have no issues seeing colours",52,Male,Other,United States,United States,United States,English,No,Full-Time
6807d9b0a562d55b6b9501e2,67a72a2a346c08cd36e7860a,APPROVED,Not Applicable,2025-04-22T18:04:54.620000Z,2025-04-22T18:44:36.577000Z,2025-04-22T18:45:11.676000Z,2025-04-22T18:44:37.003464Z,2382.0,C12WTO0T,628,"English, French","No, I have no issues seeing colours",32,Female,White,United States,United States,United States,English,No,Full-Time
6807da2c17416efd2c555671,670f60e421944c0e0a49267e,APPROVED,Not Applicable,2025-04-22T18:04:39.081000Z,2025-04-22T18:20:24.095000Z,2025-04-22T18:20:49.976000Z,2025-04-22T18:20:24.585761Z,946.0,C12WTO0T,992,English,"No, I have no issues seeing colours",23,Male,White,United States,United States,United States,English,Yes,Part-Time
6807daf9a6437bd7b5c3ecc9,67e268cbf13dcd115337894c,RETURNED,Not Applicable,2025-04-22T18:08:22.484000Z,,,2025-04-23T04:39:32.813221Z,,,327,CONSENT_REVOKED,CONSENT_REVOKED,CONSENT_REVOKED,CONSENT_REVOKED,CONSENT_REVOKED,CONSENT_REVOKED,CONSENT_REVOKED,CONSENT_REVOKED,CONSENT_REVOKED,CONSENT_REVOKED,CONSENT_REVOKED
6807dafe0014e177ce6ef1be,67f20d502e240fb267ad0c1f,RETURNED,Not Applicable,2025-04-22T18:08:02.976000Z,,,2025-04-23T04:39:32.814772Z,,,119,CONSENT_REVOKED,CONSENT_REVOKED,CONSENT_REVOKED,CONSENT_REVOKED,CONSENT_REVOKED,CONSENT_REVOKED,CONSENT_REVOKED,CONSENT_REVOKED,CONSENT_REVOKED,CONSENT_REVOKED,CONSENT_REVOKED
6807db05041e3d186125f91d,565e0169998e44000a4bdab1,RETURNED,Not Applicable,2025-04-22T18:08:05.732000Z,,,2025-04-23T04:39:32.817318Z,,,3092,CONSENT_REVOKED,CONSENT_REVOKED,CONSENT_REVOKED,CONSENT_REVOKED,CONSENT_REVOKED,CONSENT_REVOKED,CONSENT_REVOKED,CONSENT_REVOKED,CONSENT_REVOKED,CONSENT_REVOKED,CONSENT_REVOKED
6807db07c6a1b72e71857e0d,674b3b45f390921a88f24747,APPROVED,Not Applicable,2025-04-22T18:09:39.303000Z,2025-04-22T18:29:10.819000Z,2025-04-22T18:35:23.312000Z,2025-04-22T18:29:11.343562Z,1172.0,C12WTO0T,706,English,"No, I have no issues seeing colours",34,Male,White,United States,United States,Switzerland,English,No,Full-Time
6807db72b6fbf2324e72e6e2,67d5b16b8a04206523e7deef,APPROVED,Not Applicable,2025-04-22T18:10:12.570000Z,2025-04-22T18:43:00.816000Z,2025-04-22T18:43:46.736000Z,2025-04-22T18:43:01.323588Z,1969.0,C12WTO0T,187,English,"No, I have no issues seeing colours",55,Female,Black,United States,United States,Nigeria,English,Yes,Full-Time
6807dca90d1bd1f4f8d4fd01,67f000f4c3fca3956857de3c,APPROVED,Not Applicable,2025-04-22T18:15:13.149000Z,2025-04-22T18:39:18.716000Z,2025-04-22T18:40:22.192000Z,2025-04-22T18:39:19.300174Z,1446.0,C12WTO0T,141,English,"No, I have no issues seeing colours",19,Female,Black,United States,United States,United States,English,Yes,Part-Time
6807dd536319f6fbd5ef1a05,67d7273a2a8873f149fdb9a0,APPROVED,Not Applicable,2025-04-22T18:22:32.916000Z,2025-04-22T19:16:18.502000Z,2025-04-22T19:22:24.586000Z,2025-04-22T19:16:19.038675Z,3226.0,C12WTO0T,282,"English, Somali, Swahili","No, I have no issues seeing colours",18,Male,Black,United States,United States,United States,English,Yes,DATA_EXPIRED
6807dd82c79d50326adbc93e,67d4980ba4b5003b2e2797d6,APPROVED,Not Applicable,2025-04-22T18:19:03.058000Z,2025-04-22T18:45:57.688000Z,2025-04-22T18:47:58.459000Z,2025-04-22T18:45:58.203311Z,1615.0,C12WTO0T,287,English,"No, I have no issues seeing colours",31,Female,White,United States,United States,United States,English,No,Part-Time
6807de115b4d75edbdc24142,62a6c39ce82d993784c0b352,APPROVED,Not Applicable,2025-04-22T18:21:11.569000Z,2025-04-22T18:32:01.365000Z,2025-04-22T18:36:01.309000Z,2025-04-22T18:32:01.893774Z,650.0,C12WTO0T,1347,English,"No, I have no issues seeing colours",38,Female,White,United States,United States,United States,English,Yes,Full-Time
6807e1de64c9e2e92bcdd9c1,67c1d7dfe0aaba274972150e,APPROVED,Not Applicable,2025-04-22T18:37:18.911000Z,2025-04-22T19:42:24.307000Z,2025-04-22T19:42:57.253000Z,2025-04-22T19:42:25.052736Z,3906.0,C12WTO0T,168,English,"No, I have no issues seeing colours",55,Male,Black,United States,United States,United States,English,No,Full-Time
6807e2329387584c547e7894,616da8d2898bf561b8c61a05,APPROVED,Not Applicable,2025-04-22T18:38:46.883000Z,2025-04-22T18:50:40.662000Z,2025-04-22T18:53:30.017000Z,2025-04-22T18:50:41.228600Z,714.0,C12WTO0T,1649,English,"No, I have no issues seeing colours",31,Male,White,United States,United States,Puerto Rico,English,Yes,Full-Time
6807f1d907bff45b26d68658,6616d9fdba3ae8945cba4a08,APPROVED,Not Applicable,2025-04-22T19:50:50.434000Z,2025-04-22T20:19:04.814000Z,2025-04-22T20:19:40.768000Z,2025-04-22T20:19:05.397927Z,1695.0,C12WTO0T,1739,English,"No, I have no issues seeing colours",46,Male,White,United States,United States,United States,English,No,Full-Time
6807f1df6a84e3d793fee6c9,67d0a404e7ea4ada87a0cd77,APPROVED,Not Applicable,2025-04-22T19:45:35.586000Z,2025-04-22T20:07:13.979000Z,2025-04-22T20:07:35.342000Z,2025-04-22T20:07:14.511298Z,1299.0,C12WTO0T,388,English,"No, I have no issues seeing colours",27,Female,White,United States,United States,United States,English,No,Part-Time
6807f20f041e3d186125fcd0,67c63003f65a59b85e577e72,RETURNED,Not Applicable,2025-04-22T19:46:44.285000Z,,,2025-04-23T04:39:32.819767Z,,,441,CONSENT_REVOKED,CONSENT_REVOKED,CONSENT_REVOKED,CONSENT_REVOKED,CONSENT_REVOKED,CONSENT_REVOKED,CONSENT_REVOKED,CONSENT_REVOKED,CONSENT_REVOKED,CONSENT_REVOKED,CONSENT_REVOKED
6807f23771cc668a92c38a20,663a8c84b8e7c046d854c8dd,APPROVED,Not Applicable,2025-04-22T19:47:07.111000Z,2025-04-22T20:03:23.003000Z,2025-04-22T20:04:09.817000Z,2025-04-22T20:03:23.630705Z,976.0,C12WTO0T,1486,English,"No, I have no issues seeing colours",44,Male,White,United States,United States,United States,English,No,Full-Time
6807f298d082a083896856f0,67e4b9da1171c20d55663620,APPROVED,Not Applicable,2025-04-22T19:48:58.245000Z,2025-04-22T20:07:06.790000Z,2025-04-22T20:07:22.734000Z,2025-04-22T20:07:07.372191Z,1089.0,C12WTO0T,257,English,"No, I have no issues seeing colours",36,Male,Black,United States,United States,United States,English,Yes,Part-Time
6807f748d379a401115d08ea,669036d23349747de1e78aba,APPROVED,Not Applicable,2025-04-22T20:15:26.624000Z,2025-04-22T20:49:15.402000Z,2025-04-22T20:49:31.470000Z,2025-04-22T20:49:15.858569Z,2029.0,C12WTO0T,1866,English,"No, I have no issues seeing colours",60,Female,White,United States,United States,United States,English,No,Full-Time
6807f74e6853e379b40b65c0,5a8d8079190420000156435d,APPROVED,Not Applicable,2025-04-22T20:08:52.335000Z,2025-04-22T20:31:04.874000Z,2025-04-22T20:31:27.094000Z,2025-04-22T20:31:05.415346Z,1333.0,C12WTO0T,8691,"English, Spanish, Greek","No, I have no issues seeing colours",41,Male,White,United States,United States,United States,English,DATA_EXPIRED,DATA_EXPIRED
6807f75a92764d40a009aece,67fc4507a0eefe73380d22fe,RETURNED,Not Applicable,2025-04-22T20:08:58.458000Z,,,2025-04-23T04:39:32.822660Z,,,67,CONSENT_REVOKED,CONSENT_REVOKED,CONSENT_REVOKED,CONSENT_REVOKED,CONSENT_REVOKED,CONSENT_REVOKED,CONSENT_REVOKED,CONSENT_REVOKED,CONSENT_REVOKED,CONSENT_REVOKED,CONSENT_REVOKED
6807f78218ff4b5725b22bee,67d1e6ec4f74bd1699650fdc,APPROVED,Not Applicable,2025-04-22T20:09:45.476000Z,2025-04-22T20:46:19.375000Z,2025-04-22T20:49:14.237000Z,2025-04-22T20:46:19.947991Z,2194.0,C12WTO0T,272,English,"No, I have no issues seeing colours",51,Male,White,United States,United States,United States,English,No,Full-Time
6807f7fbdee239e83ed3dbcc,66a276d13f40200c70c28109,APPROVED,Not Applicable,2025-04-22T20:11:53.692000Z,2025-04-22T20:28:14.658000Z,2025-04-22T20:28:23.141000Z,2025-04-22T20:28:15.193826Z,981.0,C12WTO0T,1271,English,"No, I have no issues seeing colours",47,Female,White,United States,United States,United States,English,No,Full-Time
6807fc936ae2d6f7410b4cbc,5df9846d76f45070feedf075,RETURNED,Not Applicable,2025-04-22T20:31:34.804000Z,,,2025-04-23T04:39:32.823801Z,,,7361,CONSENT_REVOKED,CONSENT_REVOKED,CONSENT_REVOKED,CONSENT_REVOKED,CONSENT_REVOKED,CONSENT_REVOKED,CONSENT_REVOKED,CONSENT_REVOKED,CONSENT_REVOKED,CONSENT_REVOKED,CONSENT_REVOKED
6807fd1a9387584c547e7bbf,67e702b0e65a9c2954cb24e1,RETURNED,Not Applicable,2025-04-22T20:33:34.784000Z,,,2025-04-23T04:39:32.828433Z,,,235,CONSENT_REVOKED,CONSENT_REVOKED,CONSENT_REVOKED,CONSENT_REVOKED,CONSENT_REVOKED,CONSENT_REVOKED,CONSENT_REVOKED,CONSENT_REVOKED,CONSENT_REVOKED,CONSENT_REVOKED,CONSENT_REVOKED
6807fe07e81d43b7f3483bac,67373b92dac6c2599d5b1fa0,RETURNED,Not Applicable,2025-04-22T20:37:31.864000Z,,,2025-04-23T04:39:32.828078Z,,,178,CONSENT_REVOKED,CONSENT_REVOKED,CONSENT_REVOKED,CONSENT_REVOKED,CONSENT_REVOKED,CONSENT_REVOKED,CONSENT_REVOKED,CONSENT_REVOKED,CONSENT_REVOKED,CONSENT_REVOKED,CONSENT_REVOKED
6807fe2534b0647ddcf2f9d7,67d68e863da09ee89cfed505,TIMED-OUT,Not Applicable,2025-04-22T20:37:57.941000Z,,,2025-04-23T04:39:32.831853Z,28895.0,,137,English,"No, I have no issues seeing colours",22,Female,White,South Africa,United States,United States,English,Yes,Full-Time
6807ff403a945406e129299b,63cc88cff0f86e1bdec22290,APPROVED,Not Applicable,2025-04-22T20:43:00.020000Z,2025-04-22T21:18:00.883000Z,2025-04-22T21:18:34.643000Z,2025-04-22T21:18:01.454313Z,2101.0,C12WTO0T,2724,English,"No, I have no issues seeing colours",63,Female,White,United States,United States,United States,English,No,"Not in paid work (e.g. homemaker', 'retired or disabled)"
68080061cc1b4d5dedeb9cd5,6712ca8249c869f048adeb8a,APPROVED,Not Applicable,2025-04-22T20:47:37.491000Z,2025-04-22T21:04:54.090000Z,2025-04-22T21:05:17.445000Z,2025-04-22T21:04:54.674947Z,1037.0,C12WTO0T,996,English,"No, I have no issues seeing colours",56,Male,White,United States,United States,United States,English,DATA_EXPIRED,DATA_EXPIRED
6808011be8bf349237e8324e,64d53aae0f3f7317f6eb617e,APPROVED,Not Applicable,2025-04-22T20:50:47.410000Z,2025-04-22T21:02:19.178000Z,2025-04-22T21:03:02.146000Z,2025-04-22T21:02:19.876513Z,692.0,C12WTO0T,2790,"English, Spanish","No, I have no issues seeing colours",50,Male,White,United States,United States,United States,English,No,Full-Time
68080124e7e95742b3a72740,67db18ef992b8dff9d1d608d,APPROVED,Not Applicable,2025-04-22T20:50:53.269000Z,2025-04-22T21:04:09.865000Z,2025-04-22T21:05:05.365000Z,2025-04-22T21:04:10.433473Z,797.0,C12WTO0T,271,English,"No, I have no issues seeing colours",29,Male,Black,United States,United States,United States,English,No,Part-Time
6808012508638a68e5a3bc52,67db3d3819e358ec39c055f4,RETURNED,Not Applicable,2025-04-22T21:01:00.041000Z,,,2025-04-23T04:39:32.832544Z,,,106,CONSENT_REVOKED,CONSENT_REVOKED,CONSENT_REVOKED,CONSENT_REVOKED,CONSENT_REVOKED,CONSENT_REVOKED,CONSENT_REVOKED,CONSENT_REVOKED,CONSENT_REVOKED,CONSENT_REVOKED,CONSENT_REVOKED
680801a0984e2a1ba6d500a4,67e42ada4d5364b2faa0e8a9,RETURNED,Not Applicable,2025-04-22T20:53:12.057000Z,,,2025-04-23T04:39:32.836342Z,,,193,CONSENT_REVOKED,CONSENT_REVOKED,CONSENT_REVOKED,CONSENT_REVOKED,CONSENT_REVOKED,CONSENT_REVOKED,CONSENT_REVOKED,CONSENT_REVOKED,CONSENT_REVOKED,CONSENT_REVOKED,CONSENT_REVOKED
680801ebe330b637c085357c,67df35611ded1884e65715ed,APPROVED,Not Applicable,2025-04-22T20:54:13.670000Z,2025-04-22T21:23:20.342000Z,2025-04-22T21:24:17.197000Z,2025-04-22T21:23:20.877523Z,1747.0,C12WTO0T,242,English,"No, I have no issues seeing colours",37,Female,White,United States,United States,United States,English,No,Part-Time
68080266b2042e02ba078c46,67e32e6e3c45b8246a0af9fc,APPROVED,Not Applicable,2025-04-22T20:56:06.136000Z,2025-04-22T21:41:10.027000Z,2025-04-22T21:42:11.831000Z,2025-04-22T21:41:10.490002Z,2704.0,C12WTO0T,225,"English, French","No, I have no issues seeing colours",30,Female,Mixed,United States,United States,United States,English,Yes,Full-Time
6808031a34f54a60b6b8c53e,5fefefa4c9707d3516361c9c,RETURNED,Not Applicable,2025-04-22T20:59:06.385000Z,,,2025-04-23T04:39:32.839808Z,,,10644,CONSENT_REVOKED,CONSENT_REVOKED,CONSENT_REVOKED,CONSENT_REVOKED,CONSENT_REVOKED,CONSENT_REVOKED,CONSENT_REVOKED,CONSENT_REVOKED,CONSENT_REVOKED,CONSENT_REVOKED,CONSENT_REVOKED
68080380fc7b87a9063c2d64,67e9d965f50ad755aa2d8367,APPROVED,Not Applicable,2025-04-22T21:00:56.986000Z,2025-04-22T21:12:02.329000Z,2025-04-22T21:12:34.902000Z,2025-04-22T21:12:02.844409Z,666.0,C12WTO0T,206,English,"No, I have no issues seeing colours",40,Female,Black,United States,United States,United States,English,No,Full-Time
680803bc1f1b4b8949f13c53,6405feae7d6321bfaaf793e8,RETURNED,Not Applicable,2025-04-22T21:11:48.037000Z,,,2025-04-23T04:39:32.840344Z,,,5673,CONSENT_REVOKED,CONSENT_REVOKED,CONSENT_REVOKED,CONSENT_REVOKED,CONSENT_REVOKED,CONSENT_REVOKED,CONSENT_REVOKED,CONSENT_REVOKED,CONSENT_REVOKED,CONSENT_REVOKED,CONSENT_REVOKED
680803e00294691042c38ab2,664cf2037353bb98801436b5,RETURNED,Not Applicable,2025-04-22T21:02:32.496000Z,,,2025-04-23T04:39:32.842596Z,,,1925,CONSENT_REVOKED,CONSENT_REVOKED,CONSENT_REVOKED,CONSENT_REVOKED,CONSENT_REVOKED,CONSENT_REVOKED,CONSENT_REVOKED,CONSENT_REVOKED,CONSENT_REVOKED,CONSENT_REVOKED,CONSENT_REVOKED
68080437caa74b0193f13e3d,67d498509c3613c847852d07,APPROVED,Not Applicable,2025-04-22T21:04:49.497000Z,2025-04-22T21:22:28.204000Z,2025-04-22T21:23:18.459000Z,2025-04-22T21:22:28.744033Z,1059.0,C12WTO0T,323,English,"No, I have no issues seeing colours",48,Male,White,United States,United States,United States,English,No,Part-Time
680804aacbe260f4ecf1a5a6,6632baca722ad82b9522bfcb,APPROVED,Not Applicable,2025-04-22T21:05:49.204000Z,2025-04-22T21:15:01.296000Z,2025-04-22T21:16:29.342000Z,2025-04-22T21:15:01.864308Z,553.0,C12WTO0T,1071,"Vietnamese, English","No, I have no issues seeing colours",23,Female,Asian,United States,United States,United States,English,No,Part-Time
6808053e71fb4b76fbf34e9b,63cef7a6faef5bdf3066bb02,RETURNED,Not Applicable,2025-04-22T21:08:20.725000Z,,,2025-04-23T04:39:32.851046Z,,,1499,CONSENT_REVOKED,CONSENT_REVOKED,CONSENT_REVOKED,CONSENT_REVOKED,CONSENT_REVOKED,CONSENT_REVOKED,CONSENT_REVOKED,CONSENT_REVOKED,CONSENT_REVOKED,CONSENT_REVOKED,CONSENT_REVOKED
6808060b5b0972f40e6a09ea,66cb185ac5d99ffdcc950900,APPROVED,Not Applicable,2025-04-22T21:19:02.047000Z,2025-04-22T21:58:41.082000Z,2025-04-22T21:59:44.580000Z,2025-04-22T21:58:41.642260Z,2380.0,C12WTO0T,898,English,"No, I have no issues seeing colours",35,Male,White,United States,United States,United States,Spanish,Yes,Full-Time
68080671e16dafcd3ee38b41,67e6c9d4b5737cad7d022bab,APPROVED,Not Applicable,2025-04-22T21:13:42.020000Z,2025-04-22T21:39:48.824000Z,2025-04-22T21:40:14.770000Z,2025-04-22T21:39:49.486228Z,1567.0,C12WTO0T,178,"English, French","No, I have no issues seeing colours",51,Female,Black,Congo the Democratic Republic of the,United States,United States,English,No,"Not in paid work (e.g. homemaker', 'retired or disabled)"
680807c581d771cf794883b2,67ec004cf78a2e26488cae28,APPROVED,Not Applicable,2025-04-22T21:19:10.734000Z,2025-04-22T21:49:09.091000Z,2025-04-22T21:49:47.076000Z,2025-04-22T21:49:09.679206Z,1799.0,C12WTO0T,175,English,"No, I have no issues seeing colours",33,Female,Black,United States,United States,United States,English,No,Other
680807dace67cba3836a775c,66699f85a69c5a20e26d0446,APPROVED,Not Applicable,2025-04-22T21:19:22.530000Z,2025-04-22T22:11:02.706000Z,2025-04-22T22:15:53.876000Z,2025-04-22T22:11:03.248381Z,3101.0,C12WTO0T,1216,English,"No, I have no issues seeing colours",42,Male,White,United States,United States,United States,English,DATA_EXPIRED,DATA_EXPIRED
68080845296cdff27afddecf,67d9e2c43fc93b0db5eb55bb,APPROVED,Not Applicable,2025-04-22T21:21:15.305000Z,2025-04-22T22:00:07.150000Z,2025-04-22T22:00:29.768000Z,2025-04-22T22:00:07.750577Z,2332.0,C12WTO0T,270,English,"No, I have no issues seeing colours",33,Female,White,United States,United States,United States,English,No,Part-Time
68080937c79e9d89202ecaa2,67cc8c02dfc2f3a96280c152,RETURNED,Not Applicable,2025-04-22T21:33:19.003000Z,,,2025-04-23T04:39:32.857784Z,,,156,CONSENT_REVOKED,CONSENT_REVOKED,CONSENT_REVOKED,CONSENT_REVOKED,CONSENT_REVOKED,CONSENT_REVOKED,CONSENT_REVOKED,CONSENT_REVOKED,CONSENT_REVOKED,CONSENT_REVOKED,CONSENT_REVOKED
680809a0c79d50326adbcee4,66293af123d55f1dadad5ceb,APPROVED,Not Applicable,2025-04-22T21:27:03.767000Z,2025-04-22T21:36:53.585000Z,2025-04-22T21:37:57.679000Z,2025-04-22T21:36:54.125680Z,590.0,C12WTO0T,1992,English,"No, I have no issues seeing colours",42,Female,White,United States,United States,United States,English,No,Full-Time
680809a4e29faf0ecdd908e4,67e84013e838b7e87ef9c0e2,APPROVED,Not Applicable,2025-04-22T21:27:21.377000Z,2025-04-22T21:54:09.866000Z,2025-04-22T21:55:05.444000Z,2025-04-22T21:54:10.435093Z,1609.0,C12WTO0T,159,English,"No, I have no issues seeing colours",41,Male,White,United States,United States,United States,English,No,Part-Time
680809bd885464df504a3003,65f8f7603eed885831f2a14f,RETURNED,Not Applicable,2025-04-22T21:37:25.220000Z,,,2025-04-23T04:39:32.848439Z,,,1101,CONSENT_REVOKED,CONSENT_REVOKED,CONSENT_REVOKED,CONSENT_REVOKED,CONSENT_REVOKED,CONSENT_REVOKED,CONSENT_REVOKED,CONSENT_REVOKED,CONSENT_REVOKED,CONSENT_REVOKED,CONSENT_REVOKED
680809c556b35904441faca5,65d863e56337aa59292ccd66,APPROVED,Not Applicable,2025-04-22T21:27:47.042000Z,2025-04-22T21:43:17.976000Z,2025-04-22T21:43:44.352000Z,2025-04-22T21:43:18.595444Z,931.0,C12WTO0T,2361,English,"No, I have no issues seeing colours",33,Female,Black,United States,United States,United States,English,No,Part-Time
68080a05d07c1d383afc2d8d,67f5916b39aab4a4c1e75fd6,RETURNED,Not Applicable,2025-04-22T21:28:37.088000Z,,,2025-04-23T04:39:32.853936Z,,,52,CONSENT_REVOKED,CONSENT_REVOKED,CONSENT_REVOKED,CONSENT_REVOKED,CONSENT_REVOKED,CONSENT_REVOKED,CONSENT_REVOKED,CONSENT_REVOKED,CONSENT_REVOKED,CONSENT_REVOKED,CONSENT_REVOKED
68080a44931daee065f9b29b,67d1370a55879f58029b4e79,RETURNED,Not Applicable,2025-04-22T21:29:40.054000Z,,,2025-04-23T04:39:32.854650Z,,,171,CONSENT_REVOKED,CONSENT_REVOKED,CONSENT_REVOKED,CONSENT_REVOKED,CONSENT_REVOKED,CONSENT_REVOKED,CONSENT_REVOKED,CONSENT_REVOKED,CONSENT_REVOKED,CONSENT_REVOKED,CONSENT_REVOKED
68080ab43b27082e99b016de,677fe1175d44d857c04a4ac3,RETURNED,Not Applicable,2025-04-22T21:31:32.724000Z,,,2025-04-23T04:39:32.857944Z,,,235,CONSENT_REVOKED,CONSENT_REVOKED,CONSENT_REVOKED,CONSENT_REVOKED,CONSENT_REVOKED,CONSENT_REVOKED,CONSENT_REVOKED,CONSENT_REVOKED,CONSENT_REVOKED,CONSENT_REVOKED,CONSENT_REVOKED
68080c7bcbf4b2f8706fa5a5,67db6f15940ed1d6283b5d9f,APPROVED,Not Applicable,2025-04-22T21:39:13.227000Z,2025-04-22T22:08:56.955000Z,2025-04-22T22:16:09.386000Z,2025-04-22T22:08:57.538506Z,1784.0,C12WTO0T,175,English,"No, I have no issues seeing colours",49,Male,White,United States,United States,United States,English,Yes,Full-Time
68080cbdd437c34fd5f798fd,67e6eddcf224e6f2c2da7497,APPROVED,Not Applicable,2025-04-22T21:40:22.525000Z,2025-04-22T22:15:40.538000Z,2025-04-22T22:16:20.773000Z,2025-04-22T22:15:41.102731Z,2119.0,C12WTO0T,154,English,"No, I have no issues seeing colours",30,Male,White,United States,United States,United States,English,No,Unemployed (and job seeking)
68080d6f34f54a60b6b8c63c,67203fd3fe9e55e9ec82fc1f,APPROVED,Not Applicable,2025-04-22T21:43:15.143000Z,2025-04-22T22:13:25.945000Z,2025-04-22T22:16:32.843000Z,2025-04-22T22:13:26.569706Z,1811.0,C12WTO0T,613,"English, Spanish","No, I have no issues seeing colours",23,Female,White,United States,United States,United States,English,Yes,Full-Time
68080d76bc2ca8f538d96621,67178054a368314e6afa5ed4,RETURNED,Not Applicable,2025-04-22T21:43:31.798000Z,,,2025-04-23T04:39:32.855406Z,,,1303,CONSENT_REVOKED,CONSENT_REVOKED,CONSENT_REVOKED,CONSENT_REVOKED,CONSENT_REVOKED,CONSENT_REVOKED,CONSENT_REVOKED,CONSENT_REVOKED,CONSENT_REVOKED,CONSENT_REVOKED,CONSENT_REVOKED
68080daca9f241c6fa008328,67e41bd75c1e6325a7827ab5,RETURNED,Not Applicable,2025-04-22T21:45:16.207000Z,,,2025-04-23T04:39:32.859662Z,,,165,CONSENT_REVOKED,CONSENT_REVOKED,CONSENT_REVOKED,CONSENT_REVOKED,CONSENT_REVOKED,CONSENT_REVOKED,CONSENT_REVOKED,CONSENT_REVOKED,CONSENT_REVOKED,CONSENT_REVOKED,CONSENT_REVOKED
68080de0d23f85845fa4b63a,5f48655c66186320c2077614,RETURNED,Not Applicable,2025-04-22T21:45:07.551000Z,,,2025-04-23T04:39:32.860818Z,,,2437,CONSENT_REVOKED,CONSENT_REVOKED,CONSENT_REVOKED,CONSENT_REVOKED,CONSENT_REVOKED,CONSENT_REVOKED,CONSENT_REVOKED,CONSENT_REVOKED,CONSENT_REVOKED,CONSENT_REVOKED,CONSENT_REVOKED
68080de8ce67cba3836a780e,6786abc3a98055356d70eb64,APPROVED,Not Applicable,2025-04-22T21:45:20.696000Z,2025-04-22T22:38:34.033000Z,2025-04-22T22:39:51.178000Z,2025-04-22T22:38:34.590280Z,3194.0,C12WTO0T,232,English,"No, I have no issues seeing colours",46,Male,White,United States,United States,United States,English,No,Part-Time
68080dede16dafcd3ee38be7,678c1488ff0634be2e0730c6,APPROVED,Not Applicable,2025-04-22T21:45:24.984000Z,2025-04-22T22:06:19.359000Z,2025-04-22T22:16:42.613000Z,2025-04-22T22:06:20.001952Z,1255.0,C12WTO0T,354,English,"No, I have no issues seeing colours",48,Female,White,United States,United States,United States,English,No,Part-Time
68080deebfc8118c651eea8c,67d048e42c9306364785cbf3,APPROVED,Not Applicable,2025-04-22T21:45:18.716000Z,2025-04-22T22:23:19.938000Z,2025-04-22T22:23:36.694000Z,2025-04-22T22:23:20.475904Z,2282.0,C12WTO0T,82,English,"No, I have no issues seeing colours",53,Male,White,United States,United States,United States,English,No,Full-Time
68080df988104cfb8b51d380,6726b54cefd571891faabd2f,RETURNED,Not Applicable,2025-04-22T21:45:37.239000Z,,,2025-04-23T04:39:32.863688Z,,,240,CONSENT_REVOKED,CONSENT_REVOKED,CONSENT_REVOKED,CONSENT_REVOKED,CONSENT_REVOKED,CONSENT_REVOKED,CONSENT_REVOKED,CONSENT_REVOKED,CONSENT_REVOKED,CONSENT_REVOKED,CONSENT_REVOKED
68080dfce7e95742b3a728a8,6473ddd093826f8af4192abb,APPROVED,Not Applicable,2025-04-22T21:50:31.334000Z,2025-04-22T22:24:23.516000Z,2025-04-22T22:25:28.375000Z,2025-04-22T22:24:24.092912Z,2033.0,C12WTO0T,2400,"English, Spanish","No, I have no issues seeing colours",62,Female,White,United States,United States,United States,English,No,Part-Time
68080e00907927156af0f58d,67d04f22c8d931c891396375,APPROVED,Not Applicable,2025-04-22T21:45:36.567000Z,2025-04-22T22:37:48.510000Z,2025-04-22T22:38:49.782000Z,2025-04-22T22:37:49.089814Z,3132.0,C12WTO0T,104,English,"No, I have no issues seeing colours",50,Male,White,United States,United States,United States,English,No,Full-Time
68080e58ce4748e8e2e971ab,67e9c5ae31da35e759d17d8f,RETURNED,Not Applicable,2025-04-22T21:47:10.232000Z,,,2025-04-23T04:39:32.868759Z,,,67,CONSENT_REVOKED,CONSENT_REVOKED,CONSENT_REVOKED,CONSENT_REVOKED,CONSENT_REVOKED,CONSENT_REVOKED,CONSENT_REVOKED,CONSENT_REVOKED,CONSENT_REVOKED,CONSENT_REVOKED,CONSENT_REVOKED
68080e59d3de117366841037,670391e01385e6794f0eff25,APPROVED,Not Applicable,2025-04-22T21:47:11.406000Z,2025-04-22T22:12:14.881000Z,2025-04-22T22:16:56.887000Z,2025-04-22T22:12:15.474766Z,1504.0,C12WTO0T,911,English,"No, I have no issues seeing colours",33,Female,White,United States,United States,United States,English,No,"Not in paid work (e.g. homemaker', 'retired or disabled)"
680811b9eee527f04b9fd262,67e01062390c170e180f7d74,APPROVED,Not Applicable,2025-04-22T22:01:41.181000Z,2025-04-22T22:44:30.988000Z,2025-04-22T22:45:34.579000Z,2025-04-22T22:44:31.541499Z,2570.0,C12WTO0T,161,English,"No, I have no issues seeing colours",29,Male,Black,United States,United States,United States,English,No,Other
680811fbcbf4b2f8706fa616,67ed1ea3da663d525e8c39e3,APPROVED,Not Applicable,2025-04-22T22:02:35.727000Z,2025-04-22T22:35:50.035000Z,2025-04-22T22:38:33.936000Z,2025-04-22T22:35:50.621543Z,1995.0,C12WTO0T,134,English,"No, I have no issues seeing colours",20,Male,Black,South Africa,United States,United States,English,Yes,Part-Time
680813622bb08a6066cbf015,656535cfb6e6bea3d8637deb,APPROVED,Not Applicable,2025-04-22T22:08:37.400000Z,2025-04-22T22:18:20.147000Z,2025-04-22T22:18:51.159000Z,2025-04-22T22:18:20.654996Z,583.0,C12WTO0T,2804,English,"No, I have no issues seeing colours",49,Male,White,United States,United States,United States,English,No,Full-Time
680813b55a3f0752819504b2,5c5198da659655000168955d,APPROVED,Not Applicable,2025-04-22T22:09:57.581000Z,2025-04-22T22:45:19.685000Z,2025-04-22T22:46:00.916000Z,2025-04-22T22:45:20.270409Z,2123.0,C12WTO0T,5412,English,"No, I have no issues seeing colours",47,Male,White,United States,United States,United States,English,No,Full-Time
68081dfd47af5149ef984324,67e6a14955e0c06b415f9049,APPROVED,Not Applicable,2025-04-22T22:55:20.553000Z,2025-04-22T23:25:32.520000Z,2025-04-22T23:27:29.682000Z,2025-04-22T23:25:33.305296Z,1812.0,C12WTO0T,262,English,"No, I have no issues seeing colours",36,Female,White,United States,United States,United States,English,Yes,Full-Time
68081dfdf160795345916166,67e70a61f963fecfc78db7ab,APPROVED,Not Applicable,2025-04-22T22:54:12.303000Z,2025-04-22T23:10:40.687000Z,2025-04-22T23:18:34.764000Z,2025-04-22T23:10:41.248583Z,989.0,C12WTO0T,238,English,"No, I have no issues seeing colours",54,Male,Asian,China,United States,United States,English,No,"Not in paid work (e.g. homemaker', 'retired or disabled)"
68097d2034f14ab45caeff0a,6780c42ed4700120b2b636db,APPROVED,Not Applicable,2025-04-23T23:52:09.306000Z,2025-04-24T00:09:41.173000Z,2025-04-24T00:10:11.100000Z,2025-04-24T00:09:41.862054Z,1052.0,C12WTO0T,396,English,"No, I have no issues seeing colours",25,Female,White,United States,United States,United States,English,No,Full-Time
68097d74a6216f8e96efd736,6664f5e1d2bb30d00f6172c4,APPROVED,Not Applicable,2025-04-23T23:53:30.873000Z,2025-04-24T00:05:00.803000Z,2025-04-24T00:05:55.453000Z,2025-04-24T00:05:01.992158Z,690.0,C12WTO0T,654,English,"No, I have no issues seeing colours",31,Female,Asian,United States,United States,Vietnam,English,No,Unemployed (and job seeking)
680981957d4edc70629fea85,67aadf70a69039abca83807f,APPROVED,Not Applicable,2025-04-24T00:11:05.388000Z,2025-04-24T00:36:40.651000Z,2025-04-24T00:39:27.233000Z,2025-04-24T00:36:41.156738Z,1536.0,C12WTO0T,439,English,"No, I have no issues seeing colours",41,Male,Black,United States,United States,United States,English,No,Part-Time
68098437a3a380b45ead54c3,6691bc059b0182b0bdd7d682,APPROVED,Not Applicable,2025-04-24T00:22:25.566000Z,2025-04-24T00:32:30.979000Z,2025-04-24T00:33:37.038000Z,2025-04-24T00:32:31.494771Z,606.0,C12WTO0T,2011,English,"No, I have no issues seeing colours",57,Male,Mixed,United States,United States,United States,English,No,Part-Time
680986f4a1e9be82374e5903,678c9c77764f10428f47265b,APPROVED,Not Applicable,2025-04-24T00:34:37.563000Z,2025-04-24T01:03:11.431000Z,2025-04-24T01:03:38.465000Z,2025-04-24T01:03:11.967303Z,1714.0,C12WTO0T,716,English,"No, I have no issues seeing colours",58,Male,White,United States,United States,United States,English,No,Full-Time
680988ec584157bc3424d6a8,67a8bfb2f846cd3ea9bcd898,APPROVED,Not Applicable,2025-04-24T00:42:23.818000Z,2025-04-24T00:57:47.577000Z,2025-04-24T01:00:11.337000Z,2025-04-24T00:57:48.064717Z,924.0,C12WTO0T,642,English,"No, I have no issues seeing colours",28,Female,Black,United States,United States,United States,English,No,Full-Time
68098d4833782f0a0d89c0b7,663140c398e19ff9b77d4663,APPROVED,Not Applicable,2025-04-24T01:01:02.018000Z,2025-04-24T01:34:35.454000Z,2025-04-24T01:36:08.726000Z,2025-04-24T01:34:35.934148Z,2014.0,C12WTO0T,1141,English,"No, I have no issues seeing colours",33,Female,Asian,United States,United States,United States,English,No,Full-Time
68098ea4ec91643ffb10e76e,666c7b666fa83d9dad4c6451,APPROVED,Not Applicable,2025-04-24T01:06:50.763000Z,2025-04-24T01:19:36.669000Z,2025-04-24T01:19:58.970000Z,2025-04-24T01:19:37.104679Z,766.0,C12WTO0T,1771,English,"No, I have no issues seeing colours",36,Male,White,United States,United States,United States,English,No,Full-Time
680991cf45d1cefe502db1be,6792c956f76b9027f9768491,APPROVED,Not Applicable,2025-04-24T01:20:21.866000Z,2025-04-24T01:36:02.845000Z,2025-04-24T01:36:22.169000Z,2025-04-24T01:36:03.305279Z,941.0,C12WTO0T,823,"English, German","No, I have no issues seeing colours",32,Female,White,United States,United States,United States,English,No,Full-Time
680991dfdedfa4d7562c926d,660b8a64848fe5d8cc2c5444,APPROVED,Not Applicable,2025-04-24T01:20:37.293000Z,2025-04-24T01:38:46.558000Z,2025-04-24T01:39:10.481000Z,2025-04-24T01:38:47.077423Z,1090.0,C12WTO0T,878,English,"No, I have no issues seeing colours",39,Female,Black,United States,United States,United States,English,No,Other
680995a5391912b255a31146,6400db77211380d3116572fc,APPROVED,Not Applicable,2025-04-24T01:36:43.113000Z,2025-04-24T02:04:15.146000Z,2025-04-24T02:06:43.224000Z,2025-04-24T02:04:15.645136Z,1653.0,C12WTO0T,2915,English,"No, I have no issues seeing colours",34,Female,Mixed,United States,United States,United States,English,No,Part-Time
680996489490cbc21b7c2db4,671c5ad0eb30c87c11b22ec4,APPROVED,Not Applicable,2025-04-24T01:39:26.320000Z,2025-04-24T02:13:12.772000Z,2025-04-24T02:35:34.342000Z,2025-04-24T02:13:13.340327Z,2027.0,C12WTO0T,800,English,"No, I have no issues seeing colours",35,Female,White,United States,United States,United States,English,No,DATA_EXPIRED
6809973d40475652fe409bce,67cb01a82dda2577eb6ee320,APPROVED,Not Applicable,2025-04-24T01:51:01.940000Z,2025-04-24T02:18:36.123000Z,2025-04-24T02:35:52.412000Z,2025-04-24T02:18:36.575800Z,1655.0,C12WTO0T,328,English,"No, I have no issues seeing colours",26,Female,White,United Kingdom,United States,United States,English,No,Full-Time
68099cdf32d77bbb621189d1,62dc6fd89dd8473b3671357e,APPROVED,Not Applicable,2025-04-24T02:12:41.002000Z,2025-04-24T03:07:07.348000Z,2025-04-24T03:16:30.849000Z,2025-04-24T03:07:07.849877Z,3267.0,C12WTO0T,2867,"Chinese, English","No, I have no issues seeing colours",25,Male,Asian,DATA_EXPIRED,United States,United States,English,Yes,Full-Time
6809a39b89a37f2b0498dd7b,66da38dc1d5b9365584508ca,APPROVED,Not Applicable,2025-04-24T02:36:58.139000Z,2025-04-24T02:56:18.967000Z,2025-04-24T03:03:11.182000Z,2025-04-24T02:56:19.491759Z,1161.0,C12WTO0T,1792,English,"No, I have no issues seeing colours",50,Male,White,United States,United States,DATA_EXPIRED,English,DATA_EXPIRED,DATA_EXPIRED
6809a3b34efa00765a53c3f8,67f195156ae8e9e3886a36dc,APPROVED,Not Applicable,2025-04-24T02:36:43.003000Z,2025-04-24T03:30:04.233000Z,2025-04-24T03:39:13.177000Z,2025-04-24T03:30:04.905703Z,3202.0,C12WTO0T,61,English,"No, I have no issues seeing colours",45,Male,Black,United States,United States,United States,English,Yes,Part-Time
6809e4987ac08a8192655dfd,67d60f189b2ba589e473533e,APPROVED,Not Applicable,2025-04-24T07:14:27.672000Z,2025-04-24T08:00:31.297000Z,2025-04-24T08:04:52.362000Z,2025-04-24T08:00:31.835728Z,2764.0,C12WTO0T,295,English,"No, I have no issues seeing colours",53,Male,White,United States,United States,United States,English,Yes,Full-Time
6809e4b1b0c63a1b30c4cf88,5fdf6c153ce8067a77c14b05,APPROVED,Not Applicable,2025-04-24T07:14:05.770000Z,2025-04-24T07:26:22.462000Z,2025-04-24T07:31:26.793000Z,2025-04-24T07:26:22.938477Z,737.0,C12WTO0T,746,English,"No, I have no issues seeing colours",36,Female,White,United States,United States,United States,English,No,Full-Time
6809e83ed9ee0f8bf6ed76f3,67c87d49f6476e7c0c59b1a6,APPROVED,Not Applicable,2025-04-24T07:29:10.256000Z,2025-04-24T07:42:01.736000Z,2025-04-24T07:42:15.361000Z,2025-04-24T07:42:02.196828Z,772.0,C12WTO0T,408,English,"No, I have no issues seeing colours",57,Male,White,United States,United States,United States,English,No,Full-Time
6809e915e77c8e2af1f47ac9,67d44f53496dbcdf95a2d2b2,APPROVED,Not Applicable,2025-04-24T07:32:50.342000Z,2025-04-24T08:14:02.349000Z,2025-04-24T08:14:57.736000Z,2025-04-24T08:14:02.854036Z,2473.0,C12WTO0T,342,English,"No, I have no issues seeing colours",21,Female,Black,United States,United States,United States,English,No,Unemployed (and job seeking)
6809eb63db9899851cb1d3e7,67df3a8d01917c368d7b20a9,APPROVED,Not Applicable,2025-04-24T07:43:06.164000Z,2025-04-24T08:09:40.375000Z,2025-04-24T08:14:18.555000Z,2025-04-24T08:09:40.830087Z,1595.0,C12WTO0T,212,English,"No, I have no issues seeing colours",42,Male,White,United States,United States,United States,English,DATA_EXPIRED,Full-Time
6809f0b6a304d9e03d829363,67cdc3c7ea7918dcd6f2ab2d,APPROVED,Not Applicable,2025-04-24T08:05:17.955000Z,2025-04-24T08:31:34.867000Z,2025-04-24T08:34:14.625000Z,2025-04-24T08:31:35.359315Z,1577.0,C12WTO0T,170,English,"No, I have no issues seeing colours",60,Male,White,United States,United States,United States,English,No,"Not in paid work (e.g. homemaker', 'retired or disabled)"
6809f6172e12aa1f34b29437,677b8cb08f3f0d76f3aa3867,APPROVED,Not Applicable,2025-04-24T08:30:50.992000Z,2025-04-24T08:58:23.780000Z,2025-04-24T09:20:31.976000Z,2025-04-24T08:58:24.374336Z,1653.0,C12WTO0T,336,English,"No, I have no issues seeing colours",22,Female,White,United States,United States,United States,English,No,Part-Time
6809f6228eb0de7c26b37e35,67bb656dc1e9bf4830163699,APPROVED,Not Applicable,2025-04-24T08:28:24.774000Z,2025-04-24T09:07:19.763000Z,2025-04-24T09:19:59.882000Z,2025-04-24T09:07:20.491183Z,2335.0,C12WTO0T,702,"English, German, French, Spanish","No, I have no issues seeing colours",56,Female,Black,United States,United States,United States,English,Yes,Full-Time
6809f62298f46d877dbd06ff,67f30d316ed0051ae37f9898,APPROVED,Not Applicable,2025-04-24T08:28:57.533000Z,2025-04-24T08:51:15.512000Z,2025-04-24T09:20:19.023000Z,2025-04-24T08:51:15.993485Z,1338.0,C12WTO0T,198,English,"No, I have no issues seeing colours",32,Male,White,United States,United States,United States,English,No,Full-Time
6809f6d12798442042d05fb4,67d48b7362db1d5aa25093c4,APPROVED,Not Applicable,2025-04-24T08:31:23.626000Z,2025-04-24T08:49:14.242000Z,2025-04-24T09:20:49.276000Z,2025-04-24T08:49:14.905404Z,1071.0,C12WTO0T,238,English,"No, I have no issues seeing colours",34,Male,White,United States,United States,United States,English,DATA_EXPIRED,Full-Time
680a6198f1ca9008d1879493,6323e8ff54572f1c005051e7,APPROVED,Not Applicable,2025-04-24T16:07:29.850000Z,2025-04-24T16:20:34.658000Z,2025-04-24T16:23:09.495000Z,2025-04-24T16:20:35.189826Z,785.0,C12WTO0T,1522,"English, Other","No, I have no issues seeing colours",30,Male,White,United States,United States,United States,English,No,Part-Time
680a61ac82ecedc5d2c6834b,67cda969e355f90e1adff388,APPROVED,Not Applicable,2025-04-24T16:07:14.113000Z,2025-04-24T16:24:36.513000Z,2025-04-24T16:40:41.164000Z,2025-04-24T16:24:37.161309Z,1043.0,C12WTO0T,169,English,"No, I have no issues seeing colours",25,Male,Black,United States,United States,United States,English,No,Unemployed (and job seeking)
680a61b7b0393864f729122e,67f10e3f8300bad87f3e5dd7,APPROVED,Not Applicable,2025-04-24T16:07:26.993000Z,2025-04-24T16:31:28.989000Z,2025-04-24T16:40:43.111000Z,2025-04-24T16:31:29.784921Z,1442.0,C12WTO0T,193,English,"No, I have no issues seeing colours",33,Male,White,United States,United States,United States,English,No,Part-Time
680a7cb7607d46c68d5a38c0,649d809191fa2e4b6e84c69e,APPROVED,Not Applicable,2025-04-24T18:02:39.482000Z,2025-04-24T18:15:08.073000Z,2025-04-24T21:10:18.969000Z,2025-04-24T18:15:08.552258Z,749.0,C12WTO0T,2286,English,"No, I have no issues seeing colours",29,Female,White,United States,United States,United States,English,No,Unemployed (and job seeking)
680a7ccb0f6e9b38440a57a0,67d3b49259e028491a5de44c,APPROVED,Not Applicable,2025-04-24T18:07:13.122000Z,2025-04-24T18:35:38.508000Z,2025-04-24T21:10:31.694000Z,2025-04-24T18:35:39.221891Z,1706.0,C12WTO0T,337,English,"No, I have no issues seeing colours",33,Male,White,United States,United States,United States,English,No,Full-Time
68080e05fe1ed2e825955e0d,67d091986b6c1ab1acedbb05,RETURNED,Not Applicable,2025-04-22T21:45:41.167000Z,2025-04-22T22:45:34.863000Z,,2025-04-23T04:39:32.868000Z,,C12WTO0T,127,CONSENT_REVOKED,CONSENT_REVOKED,CONSENT_REVOKED,CONSENT_REVOKED,CONSENT_REVOKED,CONSENT_REVOKED,CONSENT_REVOKED,CONSENT_REVOKED,CONSENT_REVOKED,CONSENT_REVOKED,CONSENT_REVOKED
68080e13acdb963c2759ec30,67efa449df041105d746e1cd,RETURNED,Not Applicable,2025-04-22T21:45:55.570000Z,2025-04-22T22:43:13.841000Z,,2025-04-23T04:39:32.908000Z,,C12WTO0T,102,CONSENT_REVOKED,CONSENT_REVOKED,CONSENT_REVOKED,CONSENT_REVOKED,CONSENT_REVOKED,CONSENT_REVOKED,CONSENT_REVOKED,CONSENT_REVOKED,CONSENT_REVOKED,CONSENT_REVOKED,CONSENT_REVOKED
6809837eaf0fd1486f2a65da,67cf28a2280e7e75fbbacbff,RETURNED,Not Applicable,2025-04-24T00:19:17.494000Z,,,,,,333,CONSENT_REVOKED,CONSENT_REVOKED,CONSENT_REVOKED,CONSENT_REVOKED,CONSENT_REVOKED,CONSENT_REVOKED,CONSENT_REVOKED,CONSENT_REVOKED,CONSENT_REVOKED,CONSENT_REVOKED,CONSENT_REVOKED
68098dff4bafe60859e806c3,67913b23261d9b86910fbfe6,RETURNED,Not Applicable,2025-04-24T01:04:08.929000Z,,,,,,780,CONSENT_REVOKED,CONSENT_REVOKED,CONSENT_REVOKED,CONSENT_REVOKED,CONSENT_REVOKED,CONSENT_REVOKED,CONSENT_REVOKED,CONSENT_REVOKED,CONSENT_REVOKED,CONSENT_REVOKED,CONSENT_REVOKED
6809a39cc93f6d50ff9bfb11,62cd43d66c2dd7ae9ab53ae7,RETURNED,Not Applicable,2025-04-24T02:46:12.320000Z,,,,,,5613,CONSENT_REVOKED,CONSENT_REVOKED,CONSENT_REVOKED,CONSENT_REVOKED,CONSENT_REVOKED,CONSENT_REVOKED,CONSENT_REVOKED,CONSENT_REVOKED,CONSENT_REVOKED,CONSENT_REVOKED,CONSENT_REVOKED
6809e4ab73a98b004ed7acb4,67e8891f804abbe65ff993ad,RETURNED,Not Applicable,2025-04-24T07:13:55.365000Z,,,,,,523,CONSENT_REVOKED,CONSENT_REVOKED,CONSENT_REVOKED,CONSENT_REVOKED,CONSENT_REVOKED,CONSENT_REVOKED,CONSENT_REVOKED,CONSENT_REVOKED,CONSENT_REVOKED,CONSENT_REVOKED,CONSENT_REVOKED
6809e4c82870fb00eec81cc8,67c59931c09a2f946393dae5,RETURNED,Not Applicable,2025-04-24T07:14:29.750000Z,,,,,,336,CONSENT_REVOKED,CONSENT_REVOKED,CONSENT_REVOKED,CONSENT_REVOKED,CONSENT_REVOKED,CONSENT_REVOKED,CONSENT_REVOKED,CONSENT_REVOKED,CONSENT_REVOKED,CONSENT_REVOKED,CONSENT_REVOKED
6809e8ea0784975834f4161b,5ed9c3054268815691ed0e2c,RETURNED,Not Applicable,2025-04-24T07:41:54.960000Z,,,,,,1991,CONSENT_REVOKED,CONSENT_REVOKED,CONSENT_REVOKED,CONSENT_REVOKED,CONSENT_REVOKED,CONSENT_REVOKED,CONSENT_REVOKED,CONSENT_REVOKED,CONSENT_REVOKED,CONSENT_REVOKED,CONSENT_REVOKED
6809f62127173d203ddb632a,67e4a0f3472e264c49198321,RETURNED,Not Applicable,2025-04-24T08:28:31.844000Z,,,,,,158,CONSENT_REVOKED,CONSENT_REVOKED,CONSENT_REVOKED,CONSENT_REVOKED,CONSENT_REVOKED,CONSENT_REVOKED,CONSENT_REVOKED,CONSENT_REVOKED,CONSENT_REVOKED,CONSENT_REVOKED,CONSENT_REVOKED
